Titulo,Vistas,Likes,Comentarios,Fecha
"KAROL G, Feid, DFZM ft. Ovy On The Drums, J Balvin, Maluma, Ryan Castro, Blessd - +57",12039023,817236,59083,2024-11-08T00:00:06Z
YoungBoy Never Broke Again - Sneaking [Official Video],819706,68992,3719,2024-11-08T03:41:23Z
YoungBoy Never Broke Again - Killa Season [Official Video],950176,75617,4169,2024-11-08T04:16:17Z
"Dos DÃ­as - Tito Double P, Peso Pluma (Video Oficial)",11894477,142099,2956,2024-11-01T01:00:08Z
YoungBoy Never Broke Again - Catch Me [Official Video],696694,52731,2891,2024-11-08T02:20:09Z
St. Chroma,9350182,262431,13756,2024-10-28T10:02:12Z
Sticky,5947359,161202,7098,2024-10-28T10:02:16Z
Yailin La Mas Viral - Bing Bong (Video Oficial),3617891,168481,22295,2024-11-06T00:00:06Z
Nino Paid - Play This At My Funeral (Official Video) Dir: @Shotbyaddict,968004,57854,3005,2024-11-04T17:00:06Z
"Darling, I",6217693,172454,5761,2024-10-28T10:01:40Z
YoungBoy Never Broke Again - Never Stopping [Official Video],488200,52152,3307,2024-11-08T02:20:02Z
Chappell Roan: Pink Pony Club (Live) - SNL,1824589,58794,2376,2024-11-03T06:21:57Z
Brandon Lake - Hard Fought Hallelujah (Music Video),598380,40083,2808,2024-11-08T17:00:06Z
"""Goodbye Joe"" - Tom MacDonald ft. Nova Rockafeller",5415120,202644,20460,2024-11-01T15:58:22Z
Kevin Gates - Renewed Ambition (Official Music Video),1162743,44519,2689,2024-11-01T19:00:09Z
Kevin Gates - FEEL (Official Music Video),568985,35214,2461,2024-11-08T05:00:02Z
Fuerza Regida X Luis R Conriquez - CHOLO 7 (VIDEO OFICIAL),3152680,80709,1898,2024-11-01T00:00:05Z
"Dax - ""Soldier"" (Feat. Tom MacDonald) [Official Video]",875306,73949,6855,2024-11-08T17:00:33Z
GOLPE DE ESTADO FT @blackinny X @Lamrecords414 X @YamaMakeThemBounce,3133425,156786,8560,2024-11-03T02:00:06Z
Six Hundred Strike,1908962,45232,5448,2024-10-30T10:02:56Z
Get in the Water,1643366,39061,1585,2024-10-30T10:01:56Z
Dangerous,1730265,38650,1645,2024-10-30T10:01:07Z
Tyla - PUSH 2 START (Official Music Video),2268693,159365,8913,2024-11-07T22:00:06Z
Lady Gaga - Disease (Official Music Video),10752797,537064,51065,2024-10-30T01:00:34Z
Kodak Black - Catch Fire [Official Music Video],782732,40514,2897,2024-11-05T07:20:39Z
Megan Thee Stallion - Bigger In Texas [Official Video],8116918,197269,12539,2024-10-25T04:02:37Z
PARTYNEXTDOOR - Dreamin (Official Audio),687345,31496,1367,2024-11-05T02:10:52Z
Future - BRAZZIER (Official Music Video),1206691,49930,2245,2024-11-05T02:00:37Z
Yungeen Ace - Used To This (Official Music Video),466593,30527,1543,2024-11-06T21:00:07Z
1900Rugrat - Clean & Dirty (Official Video),1069602,40823,1920,2024-11-01T04:00:31Z
